<?xml version="1.0" encoding="windows-1251" ?> 
<document name="viewConfiguration">

    <!-- Color Configuration
         Color value include alpha channel at first position
         Example: AB     CD    EF     12      =>  0xABCDEF12
                  Alpha  Red   Green  Blue
    -->
    <section name="colors">
        <property name="bgInfoPanel" value="FFFFFFFF"/>
        <property name="bgAddPanel" value="FFFFFFFF"/>
        <property name="bgMoneyWindow" value="FFFFFFFF"/>
        <property name="bgStatusPanel" value="FFD7E4F2"/>
        <property name="bgTableChequeActive" value="FFFFa4FF"/>
        <property name="bgTableChequeInactive" value="FFFFFFFF"/>
        <property name="bgTableArticle" value="FFD8E4F8"/>
        <property name="bgTableBillList" value="FFFFFFFF"/>
        <property name="bgTableBillContent" value="FFFFFFFF"/>
        <property name="bgRowDefaultInTableBillList" value="FFFFFFFF"/>
        <property name="bgRowBlockedInTableBillList" value="FFFFFFFF"/>
        <property name="bgRowClosedInTableBillList" value="FFFFFFFF"/>
    </section>

    <!-- Font Configuration 
         Format: FontFamily; FontSize; Style
         FontFamily:
              Arial
              Arial Black
              Tahoma
              Microsoft Sans Serif
              Times New Roman
              Verdana
              Courier
              Courier New
         FontSize:
              8pt
              9pt
              10pt
              11pt
              and more
         Style
              0 or Regular
              2 or Italic
              1 or Bold
              8 or Strikeout
              4 or Underline
              Custom Styles
              3 Bold + Italic
              7 Italic + Bold + Underline
              11 Italic + Bold + Strikeout
              15 Italic + Bold + Underline + Strikeout
    -->
    <section name="fonts">
        <property name="SumLabel" value="Tahoma; 36pt; style=Bold"/>
        <property name="RestSumLabel" value="Tahoma; 36pt; style=Bold"/>
        <property name="TableArticles" value="Microsoft Sans Serif; 12pt; style=Regular"/>
        <property name="TableCheques" value="Microsoft Sans Serif; 12pt; style=Regular"/>
        <property name="StatusPanel" value="Tahoma; 8pt; style=Regular"/>
        <property name="AddPanel" value="Microsoft Sans Serif; 14pt; style=Regular"/>
        <property name="ChequeInfo" value="Tahoma; 12pt; style=Bold"/>
        <property name="InfoPanel" value="Tahoma; 8pt; style=Regular"/>
        <property name="BillList" value="Tahoma; 8t; style=Regular"/>
        <property name="BillContent" value="Tahoma; 8pt; style=Regular"/>
        <property name="RowDefaultInBillList" value="Tahoma; 8pt; style=Regular"/>
        <property name="RowBlockedDefaultInBillList" value="Tahoma; 8pt; style=Italic"/>
        <property name="RowClosedDefaultInBillList" value="Tahoma; 8pt; style=Italic"/>
        <property name="button1" value="Tahoma; 8pt; style=Italic"/>
        <property name="button2" value="Tahoma; 12pt; style=Bold"/>
    </section>

</document>