<?xml version="1.0" encoding="windows-1251"?>
<!--
general Configuration Data File
do not modity anything inside the document section
geretated by XmlDocumentParser v1.6
-->
<document name="General" version="1.0.0.0">
    <section name="Paths">
        <property name="pathToBills" value="C:\Users\Andrew\Desktop\test" />
    </section>
    <section name="States">
    </section>
    <section name="Titles">
        <section name="Info">
        </section>
        <section name="Product">
        </section>
    </section>
</document>