<?xml version="1.0" encoding="windows-1251" ?> 
<document name="viewConfiguration">

    <!-- Color Configuration -->
    <section name="colors">
        <property name="bgInfoPanel" value="0xFFFFFF"/>
        <property name="bgAddPanel" value="0xFFFFFF"/>
        <property name="bgMoneyWindow" value="0xFFFFFF"/>
        <property name="bgStatusPanel" value="0xD7E4F2"/>
        <property name="bgTableChequeActive" value="0xF3F4DA"/>
        <property name="bgTableChequeInactive" value="0xFFFFFF"/>
        <property name="bgTableArticle" value="0xD8E4F8"/>
        <property name="bgTableBillList" value="0xFFFFFF"/>
        <property name="bgTableBillContent" value="0xFFFFFF"/>
        <property name="bgRowDefaultInTableBillList" value="0xFFFFFF"/>
        <property name="bgRowBlockedInTableBillList" value="0xFFFFFF"/>
        <property name="bgRowClosedInTableBillList" value="0xFFFFFF"/>
    </section>

    <!-- Font Configuration -->
    <section name="fonts">
        <section name="SumLabel">
            <property name="familyName" value="Tahoma"/>
            <property name="emSize" value="36.0F"/>
            <property name="FontSyle" value="Bold"/>
        </section>
        <section name="RestSumLabel">
            <property name="familyName" value="Tahoma"/>
            <property name="emSize" value="36.0F"/>
            <property name="FontSyle" value="Bold"/>
        </section>
        <section name="TableArticles">
            <property name="familyName" value="Microsoft Sans Serif"/>
            <property name="emSize" value="12.0F"/>
            <property name="FontSyle" value="Regular"/>
        </section>
        <section name="TableCheques">
            <property name="familyName" value="Microsoft Sans Serif"/>
            <property name="emSize" value="12.0F"/>
            <property name="FontSyle" value="Regular"/>
        </section>
        <section name="StatusPanel">
            <property name="familyName" value="Tahoma"/>
            <property name="emSize" value="8.0F"/>
            <property name="FontSyle" value="Regular"/>
        </section>
        <section name="AddPanel">
            <property name="familyName" value="Microsoft Sans Serif"/>
            <property name="emSize" value="14.0F"/>
            <property name="FontSyle" value="Regular"/>
        </section>
        <section name="ChequeInfo">
            <property name="familyName" value="Tahoma"/>
            <property name="emSize" value="12.0F"/>
            <property name="FontSyle" value="Bold"/>
        </section>
        <section name="infoPanel">
            <property name="familyName" value="Tahoma"/>
            <property name="emSize" value="8.0F"/>
            <property name="FontSyle" value="Regular"/>
        </section>
        <section name="billList">
            <property name="familyName" value="Tahoma"/>
            <property name="emSize" value="8.0F"/>
            <property name="FontSyle" value="Regular"/>
        </section>
        <section name="billContent">
            <property name="familyName" value="Tahoma"/>
            <property name="emSize" value="8.0F"/>
            <property name="FontSyle" value="Regular"/>
        </section>
        <section name="rowDefaultInBillList">
            <property name="familyName" value="Tahoma"/>
            <property name="emSize" value="8.0F"/>
            <property name="FontSyle" value="Regular"/>
        </section>
        <section name="rowBlockedDefaultInBillList">
            <property name="familyName" value="Tahoma"/>
            <property name="emSize" value="8.0F"/>
            <property name="FontSyle" value="Italic"/>
        </section>
        <section name="rowClosedDefaultInBillList">
            <property name="familyName" value="Tahoma"/>
            <property name="emSize" value="8.0F"/>
            <property name="FontSyle" value="Italic"/>
        </section>
    </section>

</document>