<?xml version="1.0" encoding="windows-1251" ?> 
<document name="serialPortConnect">

    <!-- General Configuration -->
    <!-- property name="working_portConfiguration" ref="portConfiguration.comports.com1"/ -->


    <section name="normalPrinters">
        <section name="datecsEP50">
            <property name="PORT" value="COM1"/>
            <property name="RATE" value="57600"/>
            <property name="PARITY" value="0"/>
            <property name="DBITS" value="8"/>
            <property name="SBITS" value="0"/>
            <property name="RT" value="-1"/>
            <property name="RM" value="0"/>
            <property name="RC" value="0"/>
            <property name="WM" value="0"/>
            <property name="WC" value="0"/>
        </section>
    </section>

    <section name="legalPrinters">
        <section name="datecsEcellio">
            <property name="PORT" value="COM1"/>
            <property name="RATE" value="57600"/>
            <property name="PARITY" value="0"/>
            <property name="DBITS" value="8"/>
            <property name="SBITS" value="0"/>
            <property name="RT" value="-1"/>
            <property name="RM" value="0"/>
            <property name="RC" value="0"/>
            <property name="WM" value="0"/>
            <property name="WC" value="0"/>
        </section>
        <section name="datecsFP3530T">
            <property name="PORT" value="COM1"/>
            <property name="RATE" value="57600"/>
            <property name="PARITY" value="0"/>
            <property name="DBITS" value="8"/>
            <property name="SBITS" value="0"/>
            <property name="RT" value="-1"/>
            <property name="RM" value="0"/>
            <property name="RC" value="0"/>
            <property name="WM" value="0"/>
            <property name="WC" value="0"/>
        </section>
        <section name="icsE260T">
            <property name="PORT" value="COM1"/>
            <property name="RATE" value="57600"/>
            <property name="PARITY" value="0"/>
            <property name="DBITS" value="8"/>
            <property name="SBITS" value="0"/>
            <property name="RT" value="-1"/>
            <property name="RM" value="0"/>
            <property name="RC" value="0"/>
            <property name="WM" value="0"/>
            <property name="WC" value="0"/>
        </section>
    </section>

</document>